{
    "TP": 93,
    "FP": 7,
    "FN": 21,
    "Precision": 0.9299999999906999,
    "Recall": 0.8157894736770545,
    "F1": 0.8691588779986898,
    "IoU_mean": 0.7751055096309284,
    "mAP50": 0.8090732394452214
}