{
    "TP": 90,
    "FP": 3,
    "FN": 23,
    "Precision": 0.9677419354734651,
    "Recall": 0.7964601769841021,
    "F1": 0.8737864072632198,
    "IoU_mean": 0.7606174369279901,
    "mAP50": 0.7913609370726568
}