{
    "ssd": {
        "TP": 46,
        "FP": 9,
        "FN": 67,
        "Precision": 0.8363636363484298,
        "Recall": 0.40707964601409663,
        "F1": 0.5476190471721231,
        "IoU_mean": 0.7853659451364687,
        "mAP50": 0.39095004696433866,
        "fps": 3.0555017411810024,
        "total_time": 33.05512762069702
    },
    "yolo": {
        "TP": 90,
        "FP": 3,
        "FN": 23,
        "Precision": 0.9677419354734651,
        "Recall": 0.7964601769841021,
        "F1": 0.8737864072632198,
        "IoU_mean": 0.7606174369279901,
        "mAP50": 0.7913609370726568,
        "fps": 6.2229060686835975,
        "total_time": 16.230359077453613
    },
    "ensemble": {
        "TP": 93,
        "FP": 7,
        "FN": 21,
        "Precision": 0.9299999999906999,
        "Recall": 0.8157894736770545,
        "F1": 0.8691588779986898,
        "IoU_mean": 0.7751055096309284,
        "mAP50": 0.8031980215672531,
        "fps": 1.9806195337346484,
        "total_time": 50.994145154953
    }
}