{
    "TP": 46,
    "FP": 9,
    "FN": 67,
    "Precision": 0.8363636363484298,
    "Recall": 0.40707964601409663,
    "F1": 0.5476190471721231,
    "IoU_mean": 0.7853659451364687,
    "mAP50": 0.39095004696433866
}