model,num_images,total_time_sec,fps
ssd,101,33.05512762069702,3.0555017411810024
yolo,101,16.230359077453613,6.2229060686835975
ensemble,101,50.994145154953,1.9806195337346484
