{"training_loss": [0.785448542181051, 0.6412532561403228, 0.5968467770536336, 0.5504779320842815, 0.5215121941919424, 0.5020797031192198, 0.4836546416206526, 0.46331228192555024, 0.4579622710910349, 0.44396423774464555, 0.4339025923752473, 0.42099445409456426, 0.4178794693358578, 0.4124216019501707, 0.4062330968494166, 0.3985960739617424, 0.4003317276521414, 0.3924620892036117, 0.38163649205372535, 0.38544953250054526, 0.37349315807331457, 0.38667890503029345, 0.3677491306047481, 0.37052415901759883, 0.36813020221726817, 0.36715872817184825, 0.3580363701666734, 0.35446961351679784, 0.35202212620888806, 0.3510995146498106], "validation_loss": [0.6935562021118679, 0.6371710954336175, 0.5957915229636406, 0.5594686677184286, 0.5440325616281244, 0.5262907235431269, 0.5123318941784307, 0.501661923364245, 0.4877204663642851, 0.4785725325974734, 0.47140276582935187, 0.4590720416121342, 0.45707237368394554, 0.4467169675142956, 0.4489918499556272, 0.4502009540670532, 0.43589765009497794, 0.43251604671719707, 0.43432839409711493, 0.43093362840419075, 0.4197000642366047, 0.41210879454632854, 0.4330531846621872, 0.4191259528011209, 0.42277108868466146, 0.41948214160742137, 0.41036797424911947, 0.41676146873441927, 0.4138588382221978, 0.39958026539927294]}